t,n_components,max_comp_size,mean_comp_size,block_score
0.5,1,300,300.0,0.5675316189726322
1.0,1,300,300.0,0.626837565495389
2.0,1,300,300.0,0.7416027517517515
3.0,5,293,60.0,0.8243875682989057
5.0,12,286,25.0,0.9012452521605571
7.0,28,264,10.714285714285714,0.9249375263607599
10.0,55,199,5.454545454545454,0.943375776204882
15.0,119,31,2.5210084033613445,0.9646570492238556
20.0,186,13,1.6129032258064515,0.9756792398461622
30.0,240,6,1.25,0.9925015591135076
